quantity,value
mixture_max_abs_diff,5.996865900104176e-05
dRMST24_A_sub1,2.276376828534808
dRMST24_A_sub2,4.760212045783135
dRMST24_B_sub1,2.2783176458074195
dRMST24_B_sub2,4.757671606385941
